Workbook

Sheet Vorlage
A3: Daten für nachfolgende Arbeitsblätter
A5: Bitte ausfüllen, damit die Daten auf die nachfolgenden Arbeitsblätter übernommen werden.
A7: Jahr: | C7: 2026
A8: Kostenträger: | D8: (Angabe der KiTa, KG oder sonst. Einrichtung für die die Fahrten erfolgen)
A12: Name:
A13: Anschrift:
A14: IBAN: | G14: (Angabe notwendig bei Pastoren/innen und Ehrenamtlichen)
A18: Für die Abrechnung der Dienstfahrten stehen Ihnen unten die verschiedenen Tabellenblätter je Quartal sowie das Formular zur Abrechnung der steuerpflichtigen
A19: Mitnahmeentschädigung zur Verfügung.
A21: Sie können die Abrechnungen sowohl monatlich als auch quartalsweise vornehmen. Für die steuerfreie Erstattung der Fahrten müssen die Abrechnungen jedoch
A22: von Ihnen unterschrieben und von Ihrem Vorgesetzten angeordnet innerhalb von sechs Monaten ab der ersten eingetragenen Fahrt beim Kirchenkreis Dithmarschen
A23: vorgelegt werden. Fahrten, die die Frist von sechs Monaten überschreiten, dürfen nur noch steuerpflichtig erstattet werden.

Sheet Januar-März
A2: Jahr: | B2: =Vorlage!C7 -> 2026 | C2: Monat: | D2: Januar bis März | F2: Name: | G2: =Vorlage!C12 -> 0
A3: Kostenträger: | B3: =Vorlage!C8 -> 0 | F3: Anschrift: | G3: =Vorlage!C13 -> 0
F4: IBAN: | G4: =Vorlage!C14 -> 0 | H4: (Angabe notwendig bei Pastoren/innen und Ehrenamtlichen)
A6: Datum | B6: Anschrift Reiseantritt (wenn nicht identisch mit o.a. Anschrift): | F6: Anschrift Reiseziel | H6: Reisezweck | K6: gefahrene
K7: km
A37: Für die Abrechnung von Tagegeldern nutzen Sie bitte die Einzel-Dienstreiseanträge | J37: Gesamt gefahrene km : | K37: =SUM(K8:K36) -> 0
A38: Bitte beachten Sie die Ausschlussfrist von 6 Monaten (§3 Abs. 1 BRKG) je abgeschlossener Dienstreise
A40: Datum: | B40: =TODAY() -> 46114 | E40: Abrechnung der oben aufgeführten gefahrenen km: | H40: =K37 -> 0 | I40: km x 0,30 € = | J40: =SUM(H40*0.3) -> 0 | K40: €
A43: Unterschrift: | B43: ___________________ | E43: Datum: _________ | F43: Angeordnet/genehmigt Unterschrift: ___________________________________________

Sheet April-Juni
A2: Jahr: | B2: =Vorlage!C7 -> 2026 | C2: Monat: | D2: April bis Juni | F2: Name: | G2: =Vorlage!C12 -> 0
A3: Kostenträger: | B3: =Vorlage!C8 -> 0 | F3: Anschrift: | G3: =Vorlage!C13 -> 0
F4: IBAN: | G4: =Vorlage!C14 -> 0 | H4: (Angabe notwendig bei Pastoren/innen und Ehrenamtlichen)
A6: Datum | B6: Anschrift Reiseantritt (wenn nicht identisch mit o.a. Anschrift): | F6: Anschrift Reiseziel | H6: Reisezweck | K6: gefahrene
K7: km
A37: Für die Abrechnung von Tagegeldern nutzen Sie bitte die Einzel-Dienstreiseanträge | J37: Gesamt gefahrene km : | K37: =SUM(K8:K36) -> 0
A38: Bitte beachten Sie die Ausschlussfrist von 6 Monaten (§3 Abs. 1 BRKG) je abgeschlossener Dienstreise
A40: Datum: | B40: =TODAY() -> 46114 | E40: Abrechnung der oben aufgeführten gefahrenen km: | H40: =K37 -> 0 | I40: km x 0,30 € = | J40: =SUM(H40*0.3) -> 0 | K40: €
A43: Unterschrift: | B43: ___________________ | E43: Datum: _________ | F43: Angeordnet/genehmigt Unterschrift: ___________________________________________

Sheet Juli-September
A2: Jahr: | B2: =Vorlage!C7 -> 2026 | C2: Monat: | D2: Juli bis September | F2: Name: | G2: =Vorlage!C12 -> 0
A3: Kostenträger: | B3: =Vorlage!C8 -> 0 | F3: Anschrift: | G3: =Vorlage!C13 -> 0
F4: IBAN: | G4: =Vorlage!C14 -> 0 | H4: (Angabe notwendig bei Pastoren/innen und Ehrenamtlichen)
A6: Datum | B6: Anschrift Reiseantritt (wenn nicht identisch mit o.a. Anschrift): | F6: Anschrift Reiseziel | H6: Reisezweck | K6: gefahrene
K7: km
A37: Für die Abrechnung von Tagegeldern nutzen Sie bitte die Einzel-Dienstreiseanträge | J37: Gesamt gefahrene km : | K37: =SUM(K8:K36) -> 0
A38: Bitte beachten Sie die Ausschlussfrist von 6 Monaten (§3 Abs. 1 BRKG) je abgeschlossener Dienstreise
A40: Datum: | B40: =TODAY() -> 46114 | E40: Abrechnung der oben aufgeführten gefahrenen km: | H40: =K37 -> 0 | I40: km x 0,30 € = | J40: =SUM(H40*0.3) -> 0 | K40: €
A43: Unterschrift: | B43: ___________________ | E43: Datum: _________ | F43: Angeordnet/genehmigt Unterschrift: ___________________________________________

Sheet Oktober-Dezember
A2: Jahr: | B2: =Vorlage!C7 -> 2026 | C2: Monat: | D2: Oktober bis Dezember | F2: Name: | G2: =Vorlage!C12 -> 0
A3: Kostenträger: | B3: =Vorlage!C8 -> 0 | F3: Anschrift: | G3: =Vorlage!C13 -> 0
F4: IBAN: | G4: =Vorlage!C14 -> 0 | H4: (Angabe notwendig bei Pastoren/innen und Ehrenamtlichen)
A6: Datum | B6: Anschrift Reiseantritt (wenn nicht identisch mit o.a. Anschrift): | F6: Anschrift Reiseziel | H6: Reisezweck | K6: gefahrene
K7: km
A37: Für die Abrechnung von Tagegeldern nutzen Sie bitte die Einzel-Dienstreiseanträge | J37: Gesamt gefahrene km : | K37: =SUM(K8:K36) -> 0
A38: Bitte beachten Sie die Ausschlussfrist von 6 Monaten (§3 Abs. 1 BRKG) je abgeschlossener Dienstreise
A40: Datum: | B40: =TODAY() -> 46114 | E40: Abrechnung der oben aufgeführten gefahrenen km: | H40: =K37 -> 0 | I40: km x 0,30 € = | J40: =SUM(H40*0.3) -> 0 | K40: €
A43: Unterschrift: | B43: ___________________ | E43: Datum: _________ | F43: Angeordnet/genehmigt Unterschrift: ___________________________________________

Sheet Mitnahmeentschädigung
A2: Jahr: | B2: =Vorlage!C7 -> 2026 | D2: Name: | E2: =Vorlage!C12 -> 0
A4: Arbeitsstätte: | B4: =Vorlage!C8 -> 0 | D4: Anschrift: | E4: =Vorlage!C13 -> 0
D6: IBAN: | E6: =Vorlage!C14 -> 0
A8: Datum | B8: Reisegrund (Dienstreise oder Fortbildung) | C8: Strecke | E8: Angaben zur mitgenommenen Person
C9: Hinweg (von - bis) | D9: Rückweg (von - bis) | E9: Name | F9: Arbeitsstätte | G9: Kilometer
F39: Gesamt: | G39: =SUM(G10:G38) -> 0
A40: Bitte beachten Sie die Ausschlussfrist von 6 Monaten (§3 Abs. 1 BRKG) je abgeschlossener Dienstreise
A42: Datum: | B42: =TODAY() -> 46114 | C42: Steuerpflichtige Abrechnung der gefahrenen km für mitgenommene Personen: | E42: =G39 -> 0 | F42: km x 0,05 € = | G42: =SUM(E42*0.05) -> 0
A45: Unterschrift: | B45: __________________________ | C45: Datum: __________________ | D45: Angeordnet/genehmigt Unterschrift: __________________________________
